year,season,pop,popCap,soldiers,territory,food,bread,foodEq,wood,stone,ore,iron,gold,farms,bakeries,towers,buildings,morale,raidsSeen,buildingsLost
1,0,7,10,0,113,79,0,79,8,20,0,0,10,2,0,0,6,55,0,0
1,1,9,15,0,149,119,0,119,11,10,0,0,10,2,1,0,8,55,0,0
1,1,11,15,0,187,41,0,41,30,0,0,0,91,2,2,0,10,55,0,0
1,2,12,15,0,228,48,0,48,53,1,0,0,110,3,2,0,12,55,0,0
1,2,14,20,0,272,106,0,106,96,8,0,0,110,3,2,0,13,55,0,0
1,3,16,20,0,301,159,0,159,109,6,0,0,110,3,2,0,15,55,1,0
1,3,18,20,0,301,55,0,55,83,18,0,0,315,3,2,0,16,55,1,0
2,0,19,25,0,301,52,0,52,74,27,0,0,287,4,2,1,19,49,1,0
2,0,21,25,0,301,124,0,124,122,37,2,0,287,4,2,2,20,51,1,0
2,1,23,25,0,301,192,0,192,160,43,10,0,262,4,2,2,21,57,1,0
2,1,24,30,0,301,77,0,77,90,24,27,0,562,4,2,2,24,64,1,0
2,2,26,30,0,301,103,0,103,109,60,54,0,646,4,2,2,24,66,1,0
2,2,28,30,0,301,183,0,183,157,96,81,0,646,5,2,2,25,67,1,0
2,3,30,35,0,301,212,0,212,146,82,102,4,953,5,2,2,26,67,1,0
2,3,32,35,0,301,79,0,79,81,87,114,5,1151,5,2,2,27,68,2,0
3,0,34,35,2,301,63,0,63,124,112,126,4,1153,5,2,2,27,69,2,0
3,0,36,40,2,301,148,0,148,143,148,138,3,1125,6,2,2,29,72,2,0
3,1,37,40,3,301,111,0,111,89,83,150,2,1615,6,2,2,29,74,2,0
3,1,39,45,4,301,125,0,125,79,86,162,6,1741,6,2,2,30,75,2,0
3,2,41,45,4,301,201,0,201,133,122,174,15,1784,6,2,2,30,75,2,0
3,2,43,45,4,301,133,0,133,85,80,186,24,2395,7,2,2,31,75,2,0
3,3,45,50,4,301,136,0,136,86,83,198,33,2584,7,2,2,32,75,2,0
3,3,47,50,4,301,102,0,102,140,119,210,42,2632,7,2,2,32,72,3,0
4,0,49,50,4,301,72,0,72,194,155,222,31,2622,7,2,2,32,70,3,0
4,0,51,55,4,301,155,0,155,90,80,234,40,3203,7,2,2,33,70,3,0
4,1,53,55,4,301,162,0,162,85,83,246,49,3463,8,2,2,34,74,3,0
4,1,55,60,4,301,255,0,255,108,119,258,58,3536,8,2,2,35,75,4,0
4,2,56,60,3,301,361,0,361,162,155,270,52,3550,8,2,2,35,75,4,0
4,2,58,60,4,301,184,0,184,87,84,282,56,4245,9,2,2,36,75,4,0
4,3,60,65,4,301,196,0,196,88,87,294,65,4396,9,2,2,37,75,4,0
4,3,62,65,4,301,150,0,150,142,123,306,74,4461,9,2,2,37,72,4,0
5,0,64,65,4,301,101,0,101,196,159,318,83,4526,9,2,2,37,71,4,0
5,0,66,70,4,301,208,0,208,90,80,330,81,5249,9,2,2,38,71,5,0
5,1,68,70,4,301,240,0,240,107,94,342,90,5425,10,2,2,39,74,5,0
5,1,70,75,4,301,375,0,375,141,130,354,79,5438,10,2,2,40,75,5,0
5,2,72,75,4,301,499,0,499,195,166,366,88,5514,10,2,2,40,75,5,0
5,2,73,75,4,301,224,0,224,86,85,378,86,6385,10,2,2,40,75,5,0
5,3,75,80,4,301,291,0,291,105,99,390,84,6574,11,2,2,42,75,5,0
5,3,77,80,4,301,233,0,233,159,135,402,93,6657,11,2,2,42,75,5,0
6,0,79,85,4,301,173,0,173,82,80,414,86,7537,11,2,2,43,72,5,0
6,0,81,85,4,301,292,0,292,103,94,426,84,7840,11,2,2,43,73,6,0
6,1,83,85,2,301,448,0,448,142,130,438,83,7897,12,2,2,44,74,6,0
6,1,85,90,4,301,600,0,600,176,166,450,82,7957,12,2,2,45,75,6,0
6,2,87,90,4,301,271,0,271,91,81,462,80,8887,12,2,2,45,75,6,0
6,2,89,95,4,301,319,0,319,81,95,474,89,9058,12,2,2,46,75,6,0
6,3,91,95,4,301,471,0,471,120,131,486,98,9155,13,2,2,47,75,7,0
6,3,93,95,1,301,258,0,258,87,81,498,78,10113,13,2,2,47,73,7,0
7,0,95,100,4,301,189,0,189,88,84,510,72,10272,13,2,2,48,71,7,0
7,0,97,100,4,301,342,0,342,142,120,522,81,10369,13,2,2,48,72,7,0
7,1,99,100,4,301,297,0,297,83,82,534,90,10959,14,2,2,49,74,7,0
7,1,100,105,4,301,309,0,309,84,85,546,88,11257,14,2,2,50,75,7,0
7,2,102,105,4,301,433,0,433,127,110,558,97,11393,14,2,2,50,75,7,0
7,2,104,110,4,301,598,0,598,161,146,570,106,11504,14,2,2,51,75,8,0
7,3,106,110,4,301,327,0,327,89,90,582,70,12274,15,2,2,52,75,8,0
7,3,108,110,4,301,242,0,242,99,93,594,79,12452,15,2,2,52,72,8,0
8,0,110,115,4,301,157,0,157,133,129,606,88,12563,15,2,2,53,70,8,0
8,0,112,115,4,301,334,0,334,88,81,618,83,13377,15,2,2,53,70,8,0
8,1,114,115,4,301,360,0,360,83,84,630,81,13822,16,2,2,54,74,9,0
8,1,116,120,0,301,559,0,559,117,120,642,90,13945,16,2,2,55,75,9,0
8,2,117,120,4,301,358,0,358,88,81,654,79,14488,16,2,2,55,75,9,0
8,2,119,125,4,301,370,0,370,89,84,666,88,14714,16,2,2,56,75,9,0
8,3,121,125,4,301,559,0,559,128,120,678,97,14844,17,2,2,57,75,9,0
8,3,123,125,4,301,362,0,362,87,85,690,81,15861,17,2,2,57,75,9,0
9,0,125,130,4,301,266,0,266,88,88,702,90,16097,17,2,2,58,71,10,0
9,0,127,130,4,301,471,0,471,131,113,714,68,16310,17,2,2,58,73,10,0
9,1,129,130,4,301,672,0,672,170,149,726,72,16431,18,2,2,59,74,10,0
9,1,131,135,4,301,404,0,404,89,90,738,81,17170,18,2,2,60,75,10,0
9,2,133,135,4,301,457,0,457,99,93,750,90,17395,18,2,2,60,75,10,0
9,2,135,140,4,301,669,0,669,133,129,762,99,17539,18,2,2,61,75,10,0
9,3,137,140,4,301,409,0,409,91,84,774,84,18503,19,2,2,62,75,10,0
9,3,139,140,4,301,300,0,300,90,87,786,82,18874,19,2,2,62,71,11,0
10,0,140,145,4,301,198,0,198,124,123,798,71,18956,19,2,2,63,70,11,0
10,0,142,145,4,301,422,0,422,178,159,810,75,19084,19,2,2,63,70,11,0
10,1,144,145,4,301,440,0,440,85,82,822,84,19713,20,2,2,64,74,11,0
10,1,146,150,4,301,598,0,598,119,107,834,93,19892,20,2,2,65,75,11,0
10,2,148,150,4,301,839,0,839,173,143,846,102,20050,20,2,2,65,75,11,0
10,2,150,155,4,301,454,0,454,85,86,858,84,21194,20,2,2,66,75,12,0
10,3,152,155,2,301,494,0,494,95,89,870,82,21560,20,2,2,66,75,12,0
10,3,154,155,4,301,380,0,380,134,125,882,71,21663,21,2,2,67,72,12,0
11,0,156,160,4,301,261,0,261,168,161,894,75,21806,21,2,2,68,71,12,0
11,0,157,160,4,301,471,0,471,81,86,906,84,22464,21,2,2,68,71,12,0
11,1,159,165,4,301,518,0,518,82,89,918,82,22914,21,2,2,69,74,12,0
11,1,161,165,4,301,780,0,780,121,125,930,91,23085,22,2,2,70,75,12,0
11,2,163,165,4,301,1044,0,1044,175,161,942,100,23260,22,2,2,70,75,13,0
11,2,165,170,1,301,500,0,500,81,88,954,83,24412,22,2,2,71,75,13,0
11,3,167,170,4,301,623,0,623,113,102,966,72,24600,22,2,2,71,75,13,0
11,3,169,175,4,301,484,0,484,132,138,978,81,24782,23,2,2,73,74,13,0
12,0,171,175,4,301,352,0,352,88,85,990,90,25402,23,2,2,73,71,13,0
12,0,173,175,4,301,622,0,622,109,99,1002,88,25726,23,2,2,73,72,13,0
12,1,175,180,4,301,888,0,888,143,135,1014,97,25910,23,2,2,74,74,13,0
12,1,177,180,4,301,1179,0,1179,182,171,1026,106,26099,24,2,2,75,75,14,0
12,2,179,180,3,301,547,0,547,88,86,1038,67,27288,24,2,2,75,75,14,0
12,2,181,185,4,301,676,0,676,111,100,1050,66,27501,24,2,2,76,75,14,0
12,3,183,185,4,301,946,0,946,165,136,1062,75,27697,24,2,2,76,75,14,0
12,3,184,190,4,301,510,0,510,88,82,1074,84,28702,25,2,2,78,74,14,0
13,0,186,190,3,301,366,0,366,87,85,1086,82,29102,25,2,2,78,71,15,0
