year,pop,soldiers,gold,stone,ore,iron,wood,quarries,quarriesDepleted,mines,minesDepleted,smelters,hillsFlattened,veinsSpent,forestCleared,keepFalls
1,11,0,10,20,0,0,47,0,0,0,0,0,0,0,0,0
1,16,0,135,18,0,0,41,2,0,0,0,0,0,0,2,0
1,21,0,135,33,0,0,68,2,0,0,0,0,0,0,4,0
2,25,0,226,17,0,0,71,2,0,0,0,0,0,0,4,0
2,31,0,212,51,0,0,110,2,0,0,0,0,0,0,7,0
2,38,0,465,90,0,0,87,2,0,0,0,0,1,0,9,0
2,46,0,890,87,0,0,80,2,0,0,0,0,1,0,10,0
3,55,0,1086,111,0,0,101,2,0,0,0,0,1,0,10,0
3,63,0,1471,88,0,0,89,2,0,0,0,0,1,0,12,0
3,73,0,1629,122,0,0,137,2,0,0,0,0,1,0,13,0
3,83,0,1934,84,0,0,77,2,0,0,0,0,1,0,13,0
4,91,0,2057,137,0,0,119,2,0,0,0,0,1,0,13,0
4,100,0,2630,94,0,0,86,2,0,0,0,0,1,0,15,0
4,111,0,2767,149,0,0,126,2,0,0,0,0,2,0,17,0
4,121,0,3178,85,0,0,63,3,1,0,0,0,3,0,17,0
5,129,0,3514,86,0,0,66,3,1,0,0,0,3,0,19,0
5,139,0,3846,114,0,0,105,3,1,0,0,0,3,0,20,0
5,149,0,4625,88,0,0,82,3,1,0,0,0,3,0,21,0
5,160,0,4934,104,0,0,80,3,1,0,0,0,3,0,23,0
6,169,0,5229,82,0,0,44,3,1,0,0,0,3,0,25,0
6,179,0,5457,116,0,0,56,3,1,0,0,0,3,0,25,0
6,190,0,6125,104,0,0,101,3,1,0,0,0,3,0,27,0
6,200,0,6915,83,0,0,63,3,1,0,0,0,4,0,29,0
7,211,0,7267,122,0,0,105,3,1,0,0,0,5,0,30,0
7,221,0,8011,80,0,0,81,3,1,0,0,0,5,0,32,0
7,230,0,8107,74,0,0,19,3,1,0,0,0,5,0,33,0
7,240,0,8495,114,0,0,53,3,1,0,0,0,5,0,35,0
8,250,0,9099,83,0,0,81,3,1,0,0,0,5,0,35,0
8,261,0,9666,125,0,0,96,3,1,0,0,0,5,0,36,0
8,272,0,10571,83,0,0,90,3,1,0,0,0,5,0,38,0
8,284,0,11077,125,0,0,112,3,1,0,0,0,6,0,38,0
9,294,0,11183,83,0,0,28,3,1,0,0,0,7,0,38,0
9,300,0,11747,66,0,0,6,3,1,0,0,0,7,0,40,0
9,307,0,12172,114,0,0,50,3,1,0,0,0,7,0,41,0
9,319,0,13045,86,0,0,70,3,1,0,0,0,7,0,44,0
10,329,0,13593,117,0,0,111,3,1,0,0,0,7,0,44,0
10,341,0,14714,81,0,0,74,3,1,0,0,0,7,0,45,0
10,351,0,14827,93,0,0,59,3,1,0,0,0,7,0,45,0
10,360,0,15491,83,0,0,0,3,1,0,0,0,7,0,47,0
11,364,0,16250,87,0,0,26,3,1,0,0,0,7,0,48,0
11,375,0,17049,95,0,0,30,4,2,0,0,0,9,0,49,0
11,385,0,17296,69,0,0,6,4,2,0,0,0,9,0,49,0
11,391,0,17787,115,0,0,43,4,2,0,0,0,9,0,51,0
12,401,0,18721,95,0,0,93,4,2,0,0,0,9,0,53,0
12,413,0,19591,84,0,0,33,4,2,0,0,0,9,0,54,0
12,420,0,19503,66,0,0,1,4,2,0,0,0,9,0,55,0
12,427,0,20470,81,0,0,52,4,2,0,0,0,9,0,56,0
13,438,0,21145,103,0,0,94,4,2,0,0,0,9,0,57,0
13,449,0,22379,86,0,0,80,4,2,0,0,0,11,0,60,0
13,460,0,22542,81,0,0,60,4,2,0,0,0,11,0,60,0
13,465,0,23302,44,0,0,0,4,2,0,0,0,11,0,62,0
14,466,0,24006,84,0,0,23,4,2,0,0,0,11,0,62,0
14,477,0,24809,90,0,0,40,4,2,0,0,0,11,0,63,0
14,490,0,25934,82,0,0,22,4,2,0,0,0,11,0,65,0
14,502,0,26826,107,0,0,46,4,2,0,0,0,11,0,67,0
15,510,0,26905,79,0,0,0,4,2,0,0,0,11,0,68,0
15,510,0,27677,71,0,0,1,4,2,0,0,0,11,0,69,0
15,519,0,28696,86,0,0,55,4,2,0,0,0,12,0,70,0
15,530,0,29555,129,0,0,41,5,3,0,0,0,13,0,71,0
16,543,0,30878,86,0,0,31,5,3,0,0,0,13,0,74,0
16,555,0,31016,104,0,0,11,5,3,0,0,0,13,0,76,0
16,555,0,31766,60,0,0,0,5,3,0,0,0,13,0,77,0
16,555,0,32505,70,0,0,25,5,3,0,0,0,13,0,79,0
17,566,0,33666,102,0,0,89,5,3,0,0,0,14,0,79,0
17,578,0,34969,82,0,0,91,5,3,0,0,0,14,0,82,0
17,590,0,36138,83,0,0,69,5,3,0,0,0,15,0,83,0
17,602,0,36769,64,0,0,0,5,3,0,0,0,15,0,84,0
18,611,0,37462,113,0,0,56,5,3,0,0,0,15,0,86,0
18,623,0,38512,79,0,0,75,5,3,0,0,0,15,0,87,0
18,635,0,39516,71,0,0,33,5,3,0,0,0,15,0,89,0
18,648,0,40915,89,0,0,81,5,3,0,0,0,15,0,92,0
19,655,0,41272,51,0,0,8,5,3,0,0,0,16,0,92,0
19,666,0,42207,92,0,0,86,5,3,0,0,0,16,0,95,0
19,679,0,43314,78,0,0,83,5,3,0,0,0,16,0,96,0
19,691,0,44404,87,0,0,87,5,3,0,0,0,16,0,98,0
20,702,0,46235,85,0,0,80,6,4,0,0,0,17,0,100,0
20,712,0,46597,56,0,0,5,6,4,0,0,0,17,0,100,0
20,723,0,47758,88,0,0,54,6,4,0,0,0,17,0,103,0
20,735,0,48715,86,0,0,46,6,4,0,0,0,17,0,105,0
21,742,0,49203,75,0,0,52,6,4,0,0,0,17,0,106,0
21,748,0,50184,33,0,0,28,6,5,0,0,0,18,0,107,0
21,759,0,51418,74,0,0,81,7,5,0,0,0,18,0,111,0
21,772,0,52601,88,0,0,81,7,5,0,0,0,19,0,112,0
22,784,0,53994,69,0,0,63,7,5,0,0,0,19,0,114,0
22,794,0,54591,75,0,0,18,7,5,0,0,0,19,0,116,0
22,797,0,55513,60,0,0,49,7,5,0,0,0,19,0,117,0
22,809,0,56733,83,0,0,49,7,5,0,0,0,19,0,119,0
23,821,0,58227,73,0,0,22,7,5,0,0,0,19,0,121,0
23,833,0,59734,118,0,0,80,7,5,0,0,0,19,0,123,0
23,846,0,61700,83,0,0,85,7,5,0,0,0,19,0,125,0
23,855,0,61962,36,0,0,0,7,6,0,0,0,21,0,126,0
24,855,0,63303,0,0,0,4,7,6,0,0,0,21,0,128,0
24,861,0,64810,0,0,0,47,7,6,0,0,0,21,0,129,0
24,870,0,65202,0,0,0,17,8,6,0,0,0,21,0,131,0
24,875,0,66302,0,0,0,23,8,6,0,0,0,21,0,132,0
25,882,0,67455,0,0,0,13,8,6,0,0,0,21,0,133,0
25,891,0,68960,0,0,0,13,8,6,0,0,0,21,0,135,0
25,900,0,69799,0,0,0,13,8,6,0,0,0,21,0,137,0
25,905,0,70652,0,0,0,22,8,6,0,0,0,21,0,138,0
26,914,0,71497,0,0,0,21,8,6,0,0,0,22,0,139,0
